,support,itemsets
731,0.021728145528044467,75 60105
847,0.019454269833249115,BLUE 60675
815,0.01869631126831733,BLUE 10611
746,0.01869631126831733,75 61254
718,0.016927741283476502,75 50402
859,0.01591712986356746,BLUE 61212
741,0.014906518443658413,75 60673
730,0.014401212733703891,75 60103
853,0.013895907023749368,BLUE 61206
839,0.013643254168772108,BLUE 60103
840,0.013137948458817585,BLUE 60105
823,0.013137948458817585,BLUE 10641
860,0.012632642748863061,BLUE 61213
822,0.011116725618999495,BLUE 10639
862,0.010864072764022233,BLUE 61215
814,0.009853461344113188,BLUE 10159
827,0.009348155634158665,BLUE 11029
851,0.009095502779181405,BLUE 61204
824,0.008590197069226882,BLUE 10642
852,0.00833754421424962,BLUE 61205
854,0.00833754421424962,BLUE 61207
538,0.00808489135927236,60 60105
606,0.00808489135927236,66 60521
830,0.007832238504295099,BLUE 11032
720,0.007074279939363315,75 50404
829,0.007074279939363315,BLUE 11031
587,0.006821627084386054,60 61254
857,0.006568974229408792,BLUE 61210
831,0.006568974229408792,BLUE 11033
849,0.00606366851945427,BLUE 61202
863,0.00606366851945427,BLUE 61216
745,0.00606366851945427,75 61253
5,0.005811015664477008,11 10545
858,0.005811015664477008,BLUE 61211
744,0.005811015664477008,75 60911
19,0.0055583628094997475,11 10562
850,0.0055583628094997475,BLUE 61203
736,0.005305709954522486,75 60112
719,0.005053057099545225,75 50403
825,0.004800404244567963,BLUE 11027
725,0.004800404244567963,75 50603
832,0.004800404244567963,BLUE 11034
866,0.004800404244567963,BLUE 61253
740,0.004800404244567963,75 60139
856,0.004547751389590703,BLUE 61209
724,0.004547751389590703,75 50602
6,0.004547751389590703,11 10546
737,0.004547751389590703,75 60113
738,0.004295098534613441,75 60114
776,0.00404244567963618,78 60105
240,0.00404244567963618,21 10546
733,0.00404244567963618,75 60108
813,0.00404244567963618,BLUE 10157
42,0.00404244567963618,11 10629
8,0.0037897928246589186,11 10548
536,0.0037897928246589186,60 60096
678,0.0035371399696816574,672 60106
716,0.003284487114704396,75 50400
826,0.003284487114704396,BLUE 11028
20,0.003284487114704396,11 10563
671,0.003284487114704396,672 60080
638,0.003284487114704396,671 60070
861,0.003284487114704396,BLUE 61214
855,0.003031834259727135,BLUE 61208
703,0.003031834259727135,74 60105
702,0.003031834259727135,74 60096
735,0.003031834259727135,75 60111
7,0.003031834259727135,11 10547
22,0.003031834259727135,11 10565
30,0.003031834259727135,11 10573
9,0.0027791814047498737,11 10549
677,0.0027791814047498737,672 60105
621,0.0027791814047498737,662 60075
18,0.0027791814047498737,11 10561
820,0.0027791814047498737,BLUE 10624
365,0.0027791814047498737,36 60105
867,0.0025265285497726125,BLUE 61255
453,0.0025265285497726125,47 60113
556,0.0025265285497726125,60 60140
743,0.0022738756947953513,75 60910
637,0.0022738756947953513,671 60068
33,0.0022738756947953513,11 10576
582,0.0022738756947953513,60 61116
455,0.0022738756947953513,47 60138
361,0.0022738756947953513,36 30491
23,0.0022738756947953513,11 10566
692,0.0022738756947953513,672 61254
241,0.00202122283981809,21 10548
586,0.00202122283981809,60 61253
465,0.00202122283981809,47 60153
565,0.00202122283981809,60 60153
43,0.00202122283981809,11 10634
739,0.00202122283981809,75 60138
865,0.00202122283981809,BLUE 61218
642,0.00202122283981809,671 60075
723,0.00202122283981809,75 50407
184,0.00202122283981809,18 10631
546,0.00202122283981809,60 60123
357,0.00202122283981809,36 10815
828,0.00202122283981809,BLUE 11030
775,0.00202122283981809,78 60103
460,0.00202122283981809,47 60148
291,0.00202122283981809,24 20178
391,0.00202122283981809,44 10629
242,0.00202122283981809,21 10549
493,0.0017685699848408287,50 50079
358,0.0017685699848408287,36 10817
623,0.0017685699848408287,662 60077
135,0.0017685699848408287,15 10482
445,0.0017685699848408287,47 60103
21,0.0017685699848408287,11 10564
352,0.0017685699848408287,36 10426
25,0.0017685699848408287,11 10568
558,0.0017685699848408287,60 60146
292,0.0017685699848408287,24 20179
29,0.0017685699848408287,11 10572
27,0.0017685699848408287,11 10570
717,0.0017685699848408287,75 50401
713,0.0017685699848408287,74 62020
732,0.0017685699848408287,75 60107
446,0.0017685699848408287,47 60105
666,0.0015159171298635675,672 60074
672,0.0015159171298635675,672 60081
457,0.0015159171298635675,47 60144
186,0.0015159171298635675,18 10633
662,0.0015159171298635675,672 60057
680,0.0015159171298635675,672 60158
182,0.0015159171298635675,18 10629
467,0.0015159171298635675,47 60155
649,0.0015159171298635675,671 60105
367,0.0015159171298635675,36 60251
364,0.0015159171298635675,36 60103
641,0.0015159171298635675,671 60073
670,0.0015159171298635675,672 60078
53,0.0015159171298635675,11 30099
782,0.0015159171298635675,78 60114
347,0.0015159171298635675,36 10205
573,0.0015159171298635675,60 60246
429,0.0015159171298635675,47 40195
45,0.0015159171298635675,11 10637
817,0.0015159171298635675,BLUE 10615
32,0.0015159171298635675,11 10575
31,0.0015159171298635675,11 10574
436,0.0015159171298635675,47 40336
11,0.0015159171298635675,11 10551
665,0.0012632642748863063,672 60064
452,0.0012632642748863063,47 60112
624,0.0012632642748863063,662 60078
458,0.0012632642748863063,47 60146
52,0.0012632642748863063,11 30098
557,0.0012632642748863063,60 60144
3,0.0012632642748863063,11 10542
47,0.0012632642748863063,11 10714
200,0.0012632642748863063,18 30089
668,0.0012632642748863063,672 60076
463,0.0012632642748863063,47 60151
371,0.0012632642748863063,36 61254
537,0.0012632642748863063,60 60097
547,0.0012632642748863063,60 60125
667,0.0012632642748863063,672 60075
36,0.0012632642748863063,11 10579
544,0.0012632642748863063,60 60120
563,0.0012632642748863063,60 60151
674,0.0012632642748863063,672 60083
542,0.0012632642748863063,60 60118
664,0.0012632642748863063,672 60063
560,0.0012632642748863063,60 60148
471,0.0012632642748863063,47 60239
475,0.0012632642748863063,47 60246
577,0.0012632642748863063,60 60674
618,0.0012632642748863063,662 60051
392,0.0012632642748863063,44 10630
440,0.0012632642748863063,47 40470
804,0.0012632642748863063,90 40308
816,0.0012632642748863063,BLUE 10612
580,0.0012632642748863063,60 61114
203,0.0012632642748863063,18 30094
835,0.0012632642748863063,BLUE 60069
480,0.0012632642748863063,49 10710
343,0.001010611419909045,36 10102
472,0.001010611419909045,47 60242
628,0.001010611419909045,662 60084
571,0.001010611419909045,60 60243
208,0.001010611419909045,18 30416
617,0.001010611419909045,662 60050
262,0.001010611419909045,22 10545
615,0.001010611419909045,662 60046
232,0.001010611419909045,19 10770
506,0.001010611419909045,54 50588
512,0.001010611419909045,55 10159
612,0.001010611419909045,662 60041
341,0.001010611419909045,36 10094
473,0.001010611419909045,47 60243
484,0.001010611419909045,49 50157
231,0.001010611419909045,19 10769
541,0.001010611419909045,60 60117
474,0.001010611419909045,47 60244
607,0.001010611419909045,66 60523
569,0.001010611419909045,60 60239
293,0.001010611419909045,24 20181
221,0.001010611419909045,19 10490
477,0.001010611419909045,47 60718
579,0.001010611419909045,60 61113
555,0.001010611419909045,60 60138
346,0.001010611419909045,36 10197
504,0.001010611419909045,54 50586
447,0.001010611419909045,47 60107
141,0.001010611419909045,15 10534
451,0.001010611419909045,47 60111
40,0.001010611419909045,11 10583
712,0.001010611419909045,74 61254
46,0.001010611419909045,11 10712
448,0.001010611419909045,47 60108
721,0.001010611419909045,75 50405
148,0.001010611419909045,15 11039
742,0.001010611419909045,75 60721
37,0.001010611419909045,11 10580
62,0.001010611419909045,11 40443
749,0.001010611419909045,77 10372
846,0.001010611419909045,BLUE 60124
435,0.001010611419909045,47 40322
777,0.001010611419909045,78 60107
784,0.001010611419909045,78 60141
437,0.001010611419909045,47 40337
691,0.001010611419909045,672 61253
439,0.001010611419909045,47 40448
201,0.001010611419909045,18 30091
34,0.001010611419909045,11 10577
26,0.001010611419909045,11 10569
24,0.001010611419909045,11 10567
673,0.001010611419909045,672 60082
4,0.001010611419909045,11 10543
35,0.0007579585649317837,11 10578
86,0.0007579585649317837,14 10524
10,0.0007579585649317837,11 10550
296,0.0007579585649317837,24 20184
338,0.0007579585649317837,35 30500
572,0.0007579585649317837,60 60244
416,0.0007579585649317837,47 10641
78,0.0007579585649317837,14 10512
838,0.0007579585649317837,BLUE 60099
287,0.0007579585649317837,24 20174
583,0.0007579585649317837,60 61117
821,0.0007579585649317837,BLUE 10625
68,0.0007579585649317837,14 10498
584,0.0007579585649317837,60 61118
801,0.0007579585649317837,90 40272
107,0.0007579585649317837,14 50551
798,0.0007579585649317837,78 61253
351,0.0007579585649317837,36 10422
2,0.0007579585649317837,11 10541
848,0.0007579585649317837,BLUE 60736
339,0.0007579585649317837,36 10087
66,0.0007579585649317837,14 10297
39,0.0007579585649317837,11 10582
549,0.0007579585649317837,60 60127
28,0.0007579585649317837,11 10571
41,0.0007579585649317837,11 10628
540,0.0007579585649317837,60 60116
539,0.0007579585649317837,60 60115
48,0.0007579585649317837,11 10715
50,0.0007579585649317837,11 10800
308,0.0007579585649317837,28 10413
559,0.0007579585649317837,60 60147
353,0.0007579585649317837,36 10429
306,0.0007579585649317837,28 10406
15,0.0007579585649317837,11 10557
55,0.0007579585649317837,11 40370
561,0.0007579585649317837,60 60149
14,0.0007579585649317837,11 10556
562,0.0007579585649317837,60 60150
302,0.0007579585649317837,24 20198
13,0.0007579585649317837,11 10555
61,0.0007579585649317837,11 40437
205,0.0007579585649317837,18 30097
781,0.0007579585649317837,78 60113
785,0.0007579585649317837,78 60194
181,0.0007579585649317837,18 10628
640,0.0007579585649317837,671 60072
204,0.0007579585649317837,18 30095
239,0.0007579585649317837,21 10545
726,0.0007579585649317837,75 50633
164,0.0007579585649317837,17 10754
711,0.0007579585649317837,74 61120
693,0.0007579585649317837,672 62000
227,0.0007579585649317837,19 10641
651,0.0007579585649317837,671 60680
462,0.0007579585649317837,47 60150
222,0.0007579585649317837,19 10491
635,0.0007579585649317837,662 60672
689,0.0007579585649317837,672 61249
659,0.0007579585649317837,672 60050
660,0.0007579585649317837,672 60051
185,0.0007579585649317837,18 10632
216,0.0007579585649317837,19 10411
454,0.0007579585649317837,47 60114
681,0.0007579585649317837,672 60160
675,0.0007579585649317837,672 60085
211,0.0007579585649317837,19 10159
199,0.0007579585649317837,18 30087
140,0.0007579585649317837,15 10488
729,0.0007579585649317837,75 50824
469,0.0007579585649317837,47 60237
620,0.0007579585649317837,662 60074
780,0.0007579585649317837,78 60112
778,0.0007579585649317837,78 60108
268,0.0007579585649317837,24 10549
267,0.0007579585649317837,24 10548
441,0.0007579585649317837,47 40756
123,0.0007579585649317837,15 10135
616,0.0007579585649317837,662 60048
390,0.0007579585649317837,44 10368
442,0.0007579585649317837,47 40768
754,0.0007579585649317837,77 20006
136,0.0007579585649317837,15 10483
619,0.0007579585649317837,662 60052
168,0.0007579585649317837,17 10759
627,0.0007579585649317837,662 60081
132,0.0007579585649317837,15 10473
387,0.0007579585649317837,44 10357
257,0.0007579585649317837,21 20288
622,0.0007579585649317837,662 60076
444,0.0005053057099545225,47 40790
468,0.0005053057099545225,47 60156
456,0.0005053057099545225,47 60139
492,0.0005053057099545225,50 50078
412,0.0005053057099545225,47 10632
450,0.0005053057099545225,47 60110
461,0.0005053057099545225,47 60149
497,0.0005053057099545225,50 50083
466,0.0005053057099545225,47 60154
433,0.0005053057099545225,47 40287
482,0.0005053057099545225,49 10803
483,0.0005053057099545225,49 10804
421,0.0005053057099545225,47 30100
1,0.0005053057099545225,11 10162
0,0.0005053057099545225,11 10131
505,0.0005053057099545225,54 50587
705,0.0005053057099545225,74 60673
748,0.0005053057099545225,77 10370
747,0.0005053057099545225,77 10369
734,0.0005053057099545225,75 60109
728,0.0005053057099545225,75 50816
715,0.0005053057099545225,75 50312
709,0.0005053057099545225,74 61116
690,0.0005053057099545225,672 61251
661,0.0005053057099545225,672 60056
685,0.0005053057099545225,672 60682
684,0.0005053057099545225,672 60672
683,0.0005053057099545225,672 60454
682,0.0005053057099545225,672 60425
676,0.0005053057099545225,672 60090
408,0.0005053057099545225,47 10355
751,0.0005053057099545225,77 10428
763,0.0005053057099545225,77 20149
764,0.0005053057099545225,77 20609
768,0.0005053057099545225,77 30811
769,0.0005053057099545225,77 30812
770,0.0005053057099545225,77 30815
783,0.0005053057099545225,78 60139
788,0.0005053057099545225,78 60205
791,0.0005053057099545225,78 60211
803,0.0005053057099545225,90 40281
805,0.0005053057099545225,90 40342
819,0.0005053057099545225,BLUE 10618
834,0.0005053057099545225,BLUE 60067
837,0.0005053057099545225,BLUE 60095
841,0.0005053057099545225,BLUE 60107
844,0.0005053057099545225,BLUE 60118
845,0.0005053057099545225,BLUE 60122
663,0.0005053057099545225,672 60060
656,0.0005053057099545225,671 61023
510,0.0005053057099545225,54 50686
568,0.0005053057099545225,60 60156
598,0.0005053057099545225,66 10782
592,0.0005053057099545225,66 10070
585,0.0005053057099545225,60 61119
581,0.0005053057099545225,60 61115
574,0.0005053057099545225,60 60248
570,0.0005053057099545225,60 60242
553,0.0005053057099545225,60 60131
654,0.0005053057099545225,671 61021
552,0.0005053057099545225,60 60130
550,0.0005053057099545225,60 60128
548,0.0005053057099545225,60 60126
532,0.0005053057099545225,60 10078
523,0.0005053057099545225,55 50271
516,0.0005053057099545225,55 50262
602,0.0005053057099545225,66 60290
608,0.0005053057099545225,66 60524
610,0.0005053057099545225,662 60036
611,0.0005053057099545225,662 60038
613,0.0005053057099545225,662 60043
614,0.0005053057099545225,662 60044
625,0.0005053057099545225,662 60079
630,0.0005053057099545225,662 60086
632,0.0005053057099545225,662 60105
639,0.0005053057099545225,671 60071
643,0.0005053057099545225,671 60076
644,0.0005053057099545225,671 60078
645,0.0005053057099545225,671 60080
646,0.0005053057099545225,671 60082
647,0.0005053057099545225,671 60083
648,0.0005053057099545225,671 60085
650,0.0005053057099545225,671 60672
411,0.0005053057099545225,47 10630
434,0.0005053057099545225,47 40314
191,0.0005053057099545225,18 30054
286,0.0005053057099545225,24 20166
197,0.0005053057099545225,18 30083
310,0.0005053057099545225,28 10422
295,0.0005053057099545225,24 20183
194,0.0005053057099545225,18 30074
251,0.0005053057099545225,21 20206
193,0.0005053057099545225,18 30073
307,0.0005053057099545225,28 10407
83,0.0005053057099545225,14 10519
356,0.0005053057099545225,36 10798
85,0.0005053057099545225,14 10523
272,0.0005053057099545225,24 10577
381,0.0005053057099545225,38 30178
255,0.0005053057099545225,21 20285
90,0.0005053057099545225,14 10535
360,0.0005053057099545225,36 30467
153,0.0005053057099545225,16 10631
376,0.0005053057099545225,38 10759
297,0.0005053057099545225,24 20185
260,0.0005053057099545225,21 20418
333,0.0005053057099545225,33 30496
263,0.0005053057099545225,22 10546
104,0.0005053057099545225,14 50298
103,0.0005053057099545225,14 50275
162,0.0005053057099545225,17 10646
183,0.0005053057099545225,18 10630
368,0.0005053057099545225,36 60253
299,0.0005053057099545225,24 20191
363,0.0005053057099545225,36 30841
198,0.0005053057099545225,18 30085
202,0.0005053057099545225,18 30092
311,0.0005053057099545225,28 10489
397,0.0005053057099545225,44 40296
279,0.0005053057099545225,24 20139
16,0.0005053057099545225,11 10558
17,0.0005053057099545225,11 10559
404,0.0005053057099545225,44 40828
130,0.0005053057099545225,15 10471
38,0.0005053057099545225,11 10581
44,0.0005053057099545225,11 10635
350,0.0005053057099545225,36 10417
143,0.0005053057099545225,15 10543
230,0.0005053057099545225,19 10735
233,0.0005053057099545225,19 10771
402,0.0005053057099545225,44 40472
282,0.0005053057099545225,24 20143
59,0.0005053057099545225,11 40435
217,0.0005053057099545225,19 10413
315,0.0005053057099545225,28 20053
146,0.0005053057099545225,15 10695
213,0.0005053057099545225,19 10313
314,0.0005053057099545225,28 20049
69,0.0005053057099545225,14 10499
313,0.0005053057099545225,28 10796
71,0.0005053057099545225,14 10501
406,0.0005053057099545225,47 10157
147,0.0005053057099545225,15 10707
149,0.0005053057099545225,15 30248
207,0.0005053057099545225,18 30413
298,0.0005053057099545225,24 20189
161,0.00025265285497726126,16 50925
167,0.00025265285497726126,17 10758
163,0.00025265285497726126,17 10751
165,0.00025265285497726126,17 10755
166,0.00025265285497726126,17 10757
160,0.00025265285497726126,16 50788
169,0.00025265285497726126,17 10778
714,0.00025265285497726126,75 50021
722,0.00025265285497726126,75 50406
407,0.00025265285497726126,47 10354
159,0.00025265285497726126,16 50786
158,0.00025265285497726126,16 50657
157,0.00025265285497726126,16 30666
727,0.00025265285497726126,75 50634
156,0.00025265285497726126,16 30096
155,0.00025265285497726126,16 30094
154,0.00025265285497726126,16 10632
152,0.00025265285497726126,16 10599
171,0.00025265285497726126,17 30201
151,0.00025265285497726126,16 10065
150,0.00025265285497726126,15 30475
145,0.00025265285497726126,15 10632
144,0.00025265285497726126,15 10581
142,0.00025265285497726126,15 10538
139,0.00025265285497726126,15 10487
170,0.00025265285497726126,17 30180
694,0.00025265285497726126,672 62001
172,0.00025265285497726126,17 30265
209,0.00025265285497726126,18 30420
188,0.00025265285497726126,18 10636
189,0.00025265285497726126,18 10704
190,0.00025265285497726126,18 30015
192,0.00025265285497726126,18 30071
679,0.00025265285497726126,672 60157
195,0.00025265285497726126,18 30077
196,0.00025265285497726126,18 30080
206,0.00025265285497726126,18 30225
669,0.00025265285497726126,672 60077
210,0.00025265285497726126,18 60372
686,0.00025265285497726126,672 60683
212,0.00025265285497726126,19 10297
214,0.00025265285497726126,19 10391
215,0.00025265285497726126,19 10410
218,0.00025265285497726126,19 10420
219,0.00025265285497726126,19 10423
220,0.00025265285497726126,19 10489
658,0.00025265285497726126,671 61179
657,0.00025265285497726126,671 61025
223,0.00025265285497726126,19 10624
187,0.00025265285497726126,18 10634
687,0.00025265285497726126,672 60742
710,0.00025265285497726126,74 61119
700,0.00025265285497726126,677 61103
173,0.00025265285497726126,17 30266
708,0.00025265285497726126,74 61113
707,0.00025265285497726126,74 60727
706,0.00025265285497726126,74 60709
174,0.00025265285497726126,18 10147
704,0.00025265285497726126,74 60431
175,0.00025265285497726126,18 10171
176,0.00025265285497726126,18 10598
701,0.00025265285497726126,677 61256
699,0.00025265285497726126,677 60995
688,0.00025265285497726126,672 60893
698,0.00025265285497726126,677 60008
697,0.00025265285497726126,677 60004
696,0.00025265285497726126,676 60184
695,0.00025265285497726126,672 62002
137,0.00025265285497726126,15 10484
177,0.00025265285497726126,18 10607
178,0.00025265285497726126,18 10611
179,0.00025265285497726126,18 10616
180,0.00025265285497726126,18 10619
138,0.00025265285497726126,15 10486
757,0.00025265285497726126,77 20015
134,0.00025265285497726126,15 10480
818,0.00025265285497726126,BLUE 10616
84,0.00025265285497726126,14 10521
87,0.00025265285497726126,14 10526
88,0.00025265285497726126,14 10528
89,0.00025265285497726126,14 10530
91,0.00025265285497726126,14 10543
92,0.00025265285497726126,14 10620
93,0.00025265285497726126,14 10641
94,0.00025265285497726126,14 10644
95,0.00025265285497726126,14 11025
96,0.00025265285497726126,14 11039
97,0.00025265285497726126,14 50190
98,0.00025265285497726126,14 50262
82,0.00025265285497726126,14 10518
99,0.00025265285497726126,14 50264
100,0.00025265285497726126,14 50268
101,0.00025265285497726126,14 50269
102,0.00025265285497726126,14 50271
812,0.00025265285497726126,BLUE 10134
811,0.00025265285497726126,90 40864
810,0.00025265285497726126,90 40507
809,0.00025265285497726126,90 40421
808,0.00025265285497726126,90 40420
807,0.00025265285497726126,90 40352
806,0.00025265285497726126,90 40351
833,0.00025265285497726126,BLUE 60065
81,0.00025265285497726126,14 10517
802,0.00025265285497726126,90 40280
65,0.00025265285497726126,14 10159
12,0.00025265285497726126,11 10552
864,0.00025265285497726126,BLUE 61217
49,0.00025265285497726126,11 10716
51,0.00025265285497726126,11 20200
54,0.00025265285497726126,11 40369
56,0.00025265285497726126,11 40371
57,0.00025265285497726126,11 40378
58,0.00025265285497726126,11 40432
60,0.00025265285497726126,11 40436
63,0.00025265285497726126,11 40681
64,0.00025265285497726126,12 10257
67,0.00025265285497726126,14 10495
836,0.00025265285497726126,BLUE 60093
70,0.00025265285497726126,14 10500
72,0.00025265285497726126,14 10502
73,0.00025265285497726126,14 10505
74,0.00025265285497726126,14 10508
843,0.00025265285497726126,BLUE 60117
842,0.00025265285497726126,BLUE 60115
75,0.00025265285497726126,14 10509
76,0.00025265285497726126,14 10510
77,0.00025265285497726126,14 10511
79,0.00025265285497726126,14 10513
80,0.00025265285497726126,14 10514
105,0.00025265285497726126,14 50490
106,0.00025265285497726126,14 50497
133,0.00025265285497726126,15 10474
760,0.00025265285497726126,77 20027
771,0.00025265285497726126,77 30816
121,0.00025265285497726126,14 50720
122,0.00025265285497726126,14 50881
124,0.00025265285497726126,15 10402
767,0.00025265285497726126,77 30810
766,0.00025265285497726126,77 30786
765,0.00025265285497726126,77 30686
125,0.00025265285497726126,15 10455
126,0.00025265285497726126,15 10456
762,0.00025265285497726126,77 20038
761,0.00025265285497726126,77 20028
759,0.00025265285497726126,77 20025
773,0.00025265285497726126,77 40690
758,0.00025265285497726126,77 20022
224,0.00025265285497726126,19 10625
756,0.00025265285497726126,77 20011
755,0.00025265285497726126,77 20009
127,0.00025265285497726126,15 10464
753,0.00025265285497726126,77 20005
752,0.00025265285497726126,77 20003
128,0.00025265285497726126,15 10469
750,0.00025265285497726126,77 10373
129,0.00025265285497726126,15 10470
131,0.00025265285497726126,15 10472
772,0.00025265285497726126,77 40670
774,0.00025265285497726126,78 20200
800,0.00025265285497726126,90 40254
110,0.00025265285497726126,14 50557
799,0.00025265285497726126,78 61254
108,0.00025265285497726126,14 50553
797,0.00025265285497726126,78 60809
796,0.00025265285497726126,78 60730
795,0.00025265285497726126,78 60673
794,0.00025265285497726126,78 60372
793,0.00025265285497726126,78 60215
792,0.00025265285497726126,78 60212
109,0.00025265285497726126,14 50555
790,0.00025265285497726126,78 60208
789,0.00025265285497726126,78 60207
787,0.00025265285497726126,78 60204
120,0.00025265285497726126,14 50678
786,0.00025265285497726126,78 60199
111,0.00025265285497726126,14 50562
112,0.00025265285497726126,14 50564
113,0.00025265285497726126,14 50567
114,0.00025265285497726126,14 50574
115,0.00025265285497726126,14 50576
116,0.00025265285497726126,14 50577
779,0.00025265285497726126,78 60111
117,0.00025265285497726126,14 50579
118,0.00025265285497726126,14 50586
119,0.00025265285497726126,14 50616
655,0.00025265285497726126,671 61022
245,0.00025265285497726126,21 10562
653,0.00025265285497726126,671 61012
336,0.00025265285497726126,35 10303
495,0.00025265285497726126,50 50081
494,0.00025265285497726126,50 50080
337,0.00025265285497726126,35 10737
340,0.00025265285497726126,36 10093
491,0.00025265285497726126,50 50077
490,0.00025265285497726126,49 50176
489,0.00025265285497726126,49 50173
488,0.00025265285497726126,49 50171
487,0.00025265285497726126,49 50170
486,0.00025265285497726126,49 50166
485,0.00025265285497726126,49 50162
342,0.00025265285497726126,36 10101
344,0.00025265285497726126,36 10105
345,0.00025265285497726126,36 10110
481,0.00025265285497726126,49 10761
348,0.00025265285497726126,36 10302
479,0.00025265285497726126,49 10611
478,0.00025265285497726126,47 61254
349,0.00025265285497726126,36 10303
476,0.00025265285497726126,47 60674
354,0.00025265285497726126,36 10431
355,0.00025265285497726126,36 10789
359,0.00025265285497726126,36 30448
496,0.00025265285497726126,50 50082
498,0.00025265285497726126,50 50093
362,0.00025265285497726126,36 30500
499,0.00025265285497726126,54 10639
329,0.00025265285497726126,33 30437
522,0.00025265285497726126,55 50269
521,0.00025265285497726126,55 50268
520,0.00025265285497726126,55 50267
519,0.00025265285497726126,55 50266
518,0.00025265285497726126,55 50265
517,0.00025265285497726126,55 50264
330,0.00025265285497726126,33 30467
515,0.00025265285497726126,55 50207
514,0.00025265285497726126,55 10641
513,0.00025265285497726126,55 10639
331,0.00025265285497726126,33 30476
511,0.00025265285497726126,54 50770
332,0.00025265285497726126,33 30487
509,0.00025265285497726126,54 50685
508,0.00025265285497726126,54 50593
507,0.00025265285497726126,54 50589
334,0.00025265285497726126,33 30502
335,0.00025265285497726126,33 30838
503,0.00025265285497726126,54 50585
502,0.00025265285497726126,54 50584
501,0.00025265285497726126,54 50582
500,0.00025265285497726126,54 50576
470,0.00025265285497726126,47 60238
366,0.00025265285497726126,36 60108
652,0.00025265285497726126,671 61008
398,0.00025265285497726126,44 40306
400,0.00025265285497726126,44 40458
432,0.00025265285497726126,47 40286
431,0.00025265285497726126,47 40262
430,0.00025265285497726126,47 40230
401,0.00025265285497726126,44 40469
428,0.00025265285497726126,47 40189
427,0.00025265285497726126,47 40186
426,0.00025265285497726126,47 40183
425,0.00025265285497726126,47 40178
424,0.00025265285497726126,47 40174
423,0.00025265285497726126,47 40119
422,0.00025265285497726126,47 40095
420,0.00025265285497726126,47 11051
419,0.00025265285497726126,47 11034
418,0.00025265285497726126,47 11030
417,0.00025265285497726126,47 11027
403,0.00025265285497726126,44 40827
415,0.00025265285497726126,47 10635
414,0.00025265285497726126,47 10634
413,0.00025265285497726126,47 10633
405,0.00025265285497726126,45 10633
410,0.00025265285497726126,47 10625
409,0.00025265285497726126,47 10363
399,0.00025265285497726126,44 40307
396,0.00025265285497726126,44 40129
464,0.00025265285497726126,47 60152
438,0.00025265285497726126,47 40447
369,0.00025265285497726126,36 60674
370,0.00025265285497726126,36 61253
372,0.00025265285497726126,38 10543
373,0.00025265285497726126,38 10751
459,0.00025265285497726126,47 60147
374,0.00025265285497726126,38 10754
375,0.00025265285497726126,38 10757
377,0.00025265285497726126,38 10790
378,0.00025265285497726126,38 10835
379,0.00025265285497726126,38 10839
380,0.00025265285497726126,38 30172
382,0.00025265285497726126,40 10629
449,0.00025265285497726126,47 60109
383,0.00025265285497726126,41 10629
384,0.00025265285497726126,41 10634
385,0.00025265285497726126,43 50166
386,0.00025265285497726126,44 10352
388,0.00025265285497726126,44 10359
443,0.00025265285497726126,47 40786
389,0.00025265285497726126,44 10360
393,0.00025265285497726126,44 10631
394,0.00025265285497726126,44 10633
395,0.00025265285497726126,44 30101
524,0.00025265285497726126,55 50275
525,0.00025265285497726126,55 50278
526,0.00025265285497726126,55 50284
256,0.00025265285497726126,21 20287
259,0.00025265285497726126,21 20290
261,0.00025265285497726126,22 10543
264,0.00025265285497726126,22 10549
265,0.00025265285497726126,22 10579
266,0.00025265285497726126,24 10383
269,0.00025265285497726126,24 10552
270,0.00025265285497726126,24 10561
271,0.00025265285497726126,24 10573
609,0.00025265285497726126,66 60527
273,0.00025265285497726126,24 10579
274,0.00025265285497726126,24 20124
605,0.00025265285497726126,66 60390
604,0.00025265285497726126,66 60300
603,0.00025265285497726126,66 60294
275,0.00025265285497726126,24 20130
601,0.00025265285497726126,66 11029
600,0.00025265285497726126,66 10784
599,0.00025265285497726126,66 10783
276,0.00025265285497726126,24 20131
597,0.00025265285497726126,66 10781
596,0.00025265285497726126,66 10779
595,0.00025265285497726126,66 10589
594,0.00025265285497726126,66 10159
258,0.00025265285497726126,21 20289
254,0.00025265285497726126,21 20264
527,0.00025265285497726126,58 50490
253,0.00025265285497726126,21 20208
225,0.00025265285497726126,19 10638
226,0.00025265285497726126,19 10639
228,0.00025265285497726126,19 10707
229,0.00025265285497726126,19 10709
234,0.00025265285497726126,19 50252
235,0.00025265285497726126,19 50253
236,0.00025265285497726126,19 50254
237,0.00025265285497726126,20 10201
238,0.00025265285497726126,20 40440
243,0.00025265285497726126,21 10552
244,0.00025265285497726126,21 10558
246,0.00025265285497726126,21 10565
636,0.00025265285497726126,662 61138
247,0.00025265285497726126,21 10573
634,0.00025265285497726126,662 60659
633,0.00025265285497726126,662 60658
248,0.00025265285497726126,21 10576
631,0.00025265285497726126,662 60088
249,0.00025265285497726126,21 10577
629,0.00025265285497726126,662 60085
250,0.00025265285497726126,21 20200
626,0.00025265285497726126,662 60080
252,0.00025265285497726126,21 20207
593,0.00025265285497726126,66 10071
277,0.00025265285497726126,24 20136
591,0.00025265285497726126,65 11029
590,0.00025265285497726126,649 62030
551,0.00025265285497726126,60 60129
316,0.00025265285497726126,28 20056
317,0.00025265285497726126,29 10102
318,0.00025265285497726126,29 10106
319,0.00025265285497726126,29 10108
545,0.00025265285497726126,60 60121
320,0.00025265285497726126,29 10109
543,0.00025265285497726126,60 60119
321,0.00025265285497726126,29 10110
322,0.00025265285497726126,31 10406
323,0.00025265285497726126,31 10428
324,0.00025265285497726126,31 20479
325,0.00025265285497726126,32 10632
326,0.00025265285497726126,32 30034
327,0.00025265285497726126,33 10297
535,0.00025265285497726126,60 10600
534,0.00025265285497726126,60 10172
533,0.00025265285497726126,60 10085
328,0.00025265285497726126,33 10790
531,0.00025265285497726126,59 50615
530,0.00025265285497726126,59 10159
529,0.00025265285497726126,58 50819
528,0.00025265285497726126,58 50496
554,0.00025265285497726126,60 60132
312,0.00025265285497726126,28 10790
309,0.00025265285497726126,28 10414
576,0.00025265285497726126,60 60259
589,0.00025265285497726126,649 60718
588,0.00025265285497726126,649 60242
278,0.00025265285497726126,24 20137
280,0.00025265285497726126,24 20140
281,0.00025265285497726126,24 20141
283,0.00025265285497726126,24 20157
284,0.00025265285497726126,24 20162
285,0.00025265285497726126,24 20165
578,0.00025265285497726126,60 60718
288,0.00025265285497726126,24 20175
575,0.00025265285497726126,60 60249
305,0.00025265285497726126,25 20199
289,0.00025265285497726126,24 20176
290,0.00025265285497726126,24 20177
294,0.00025265285497726126,24 20182
567,0.00025265285497726126,60 60155
566,0.00025265285497726126,60 60154
300,0.00025265285497726126,24 20193
564,0.00025265285497726126,60 60152
301,0.00025265285497726126,24 20197
303,0.00025265285497726126,25 10548
304,0.00025265285497726126,25 10561
868,0.00025265285497726126,BLUE 62042
