,support,stop_ID,direction
0,0.018948964,60675,BLUE Downtown
1,0.0176857,10611,BLUE St. Norbert
2,0.016927741,50402,75 University of Manitoba
3,0.016422436,60105,75 Kildonan Place
4,0.016169783,61254,75 University of Manitoba
5,0.014906518,61212,BLUE Downtown
6,0.01414856,60673,75 Kildonan Place
7,0.013390601,60103,BLUE Downtown
8,0.013137948,60105,BLUE Downtown
9,0.011622031,61206,BLUE Downtown
10,0.011622031,61213,BLUE University of Manitoba
11,0.011369378,10641,BLUE St. Norbert
12,0.010864073,60103,75 Kildonan Place
13,0.010864073,61215,BLUE University of Manitoba
14,0.010358767,10639,BLUE St. Norbert
15,0.00884285,10159,BLUE St. Norbert
16,0.008084891,60105,60 Downtown
17,0.008084891,60521,66 Unicity
18,0.007579586,10642,BLUE St. Norbert
19,0.00707428,61204,BLUE Downtown
20,0.006821627,61254,60 University of Manitoba
21,0.006821627,50404,75 University of Manitoba
22,0.005811016,11029,BLUE St. Norbert
23,0.005811016,61207,BLUE University of Manitoba
24,0.005558363,11032,BLUE Downtown
25,0.005558363,61202,BLUE Downtown
26,0.005558363,61205,BLUE University of Manitoba
27,0.00530571,61210,BLUE Downtown
28,0.00530571,61253,75 University of Manitoba
29,0.005053057,60911,75 Kildonan Place
30,0.005053057,50403,75 Kildonan Place
31,0.005053057,60105,75 Kildonan Place
32,0.004800404,50603,75 Kildonan Place
33,0.004800404,61253,BLUE University of Manitoba
34,0.004800404,60112,75 University of Manitoba
35,0.004547751,60113,75 University of Manitoba
36,0.004547751,60139,75 University of Manitoba
37,0.004547751,50602,75 University of Manitoba
38,0.004042446,11034,BLUE Downtown
39,0.004042446,60105,78 Polo Park
40,0.003789793,61211,BLUE University of Manitoba
41,0.003789793,60096,60 University of Manitoba
42,0.00353714,11029,BLUE University of Manitoba
43,0.00353714,60106,672 Prairie Pointe via Killarney
44,0.00353714,10545,11 Polo Park
45,0.003284487,11031,BLUE St. Norbert
46,0.003284487,60070,671 U. of Manitoba via Dalhousie
47,0.003031834,60108,75 Kildonan Place
48,0.003031834,10562,11 Glenway
49,0.003031834,60114,75 Kildonan Place
50,0.003031834,60103,75 Kildonan Place
51,0.003031834,60105,74 Polo Park
52,0.003031834,60096,74 University of Manitoba
53,0.003031834,60080,672 Prairie Pointe via Killarney
54,0.003031834,11033,BLUE St. Norbert
55,0.003031834,50400,75 University of Manitoba
56,0.002779181,11027,BLUE St. Norbert
57,0.002779181,60075,662 University of Manitoba
58,0.002779181,61203,BLUE St. Norbert
59,0.002779181,11031,BLUE University of Manitoba
60,0.002779181,60105,672 Prairie Pointe via Killarney
61,0.002779181,10157,BLUE Downtown
62,0.002526529,61254,75 University of Manitoba
63,0.002526529,60105,36 Health Sciences Centre
64,0.002526529,10546,11 Polo Park
65,0.002526529,60140,60 Downtown
66,0.002526529,60113,47 University of Manitoba
67,0.002526529,61209,BLUE University of Manitoba
68,0.002526529,61255,BLUE Downtown
69,0.002526529,61214,BLUE Downtown
70,0.002273876,61203,BLUE University of Manitoba
71,0.002273876,11033,BLUE University of Manitoba
72,0.002273876,61206,BLUE Downtown
73,0.002273876,10629,11 Glenway
74,0.002273876,61208,BLUE Downtown
75,0.002273876,30491,36 University of Manitoba
76,0.002273876,10624,BLUE Downtown
77,0.002273876,61254,672 U. of Manitoba via Killarney
78,0.002273876,61116,60 University of Manitoba
79,0.002273876,60068,671 U. of Manitoba via Dalhousie
80,0.002021223,61207,BLUE St. Norbert
81,0.002021223,60138,75 University of Manitoba
82,0.002021223,20178,24 Downtown
83,0.002021223,60138,47 University of Manitoba
84,0.002021223,10815,36 University of Manitoba
85,0.002021223,60103,78 Polo Park
86,0.002021223,60123,60 University of Manitoba
87,0.002021223,60148,47 University of Manitoba
88,0.002021223,60075,671 U. of Manitoba via Dalhousie
89,0.002021223,61253,60 University of Manitoba
90,0.002021223,10631,18 Riverbend
91,0.002021223,11027,BLUE University of Manitoba
92,0.002021223,60153,60 Downtown
93,0.00176857,60146,60 Downtown
94,0.00176857,60111,75 Kildonan Place
95,0.00176857,50407,75 University of Manitoba
96,0.00176857,60077,662 University of Manitoba
97,0.00176857,10641,BLUE University of Manitoba
98,0.00176857,11032,BLUE Downtown
99,0.00176857,20179,24 Downtown
100,0.00176857,10426,36 University of Manitoba
101,0.00176857,10546,21 Westwood
102,0.00176857,62020,74 University of Manitoba
103,0.00176857,61218,BLUE University of Manitoba
104,0.00176857,50079,50 Sage Creek
105,0.001515917,10545,11 Polo Park
106,0.001515917,10561,11 Polo Park
107,0.001515917,60105,671 Prairie Pointe via Dalhousie
108,0.001515917,11028,BLUE Downtown
109,0.001515917,60081,672 U. of Manitoba via Killarney
110,0.001515917,40336,47 University of Manitoba
111,0.001515917,60078,672 Prairie Pointe via Killarney
112,0.001515917,60155,47 University of Manitoba
113,0.001515917,11030,BLUE Downtown
114,0.001515917,60073,671 U. of Manitoba via Dalhousie
115,0.001515917,60074,672 U. of Manitoba via Killarney
116,0.001515917,40195,47 University of Manitoba
117,0.001515917,10565,11 Glenway
118,0.001515917,10549,11 Polo Park
119,0.001515917,10546,21 Grace Hospital
120,0.001515917,10615,BLUE St. Norbert
121,0.001515917,61211,BLUE St. Norbert
122,0.001515917,10629,18 Riverbend
123,0.001515917,10573,11 North Kildonan via Rothesay
124,0.001515917,10573,11 Glenway
125,0.001515917,10205,36 Health Sciences Centre
126,0.001515917,60246,60 University of Manitoba
127,0.001515917,60057,672 Prairie Pointe via Killarney
128,0.001263264,10710,49 North Transcona
129,0.001263264,60083,672 U. of Manitoba via Killarney
130,0.001263264,60674,60 Downtown
131,0.001263264,60107,75 University of Manitoba
132,0.001263264,40308,90 North Transcona
133,0.001263264,60148,60 University of Manitoba
134,0.001263264,60064,672 Prairie Pointe via Killarney
135,0.001263264,60239,47 University of Manitoba
136,0.001263264,60075,672 U. of Manitoba via Killarney
137,0.001263264,60151,60 University of Manitoba
138,0.001263264,60246,47 University of Manitoba
139,0.001263264,10548,11 Polo Park
140,0.001263264,10612,BLUE Downtown
141,0.001263264,60114,75 Kildonan Place
142,0.001263264,10563,11 Glenway
143,0.001263264,10562,11 North Kildonan via Donwood
144,0.001263264,10548,11 Crestview
145,0.001263264,60076,672 Prairie Pointe via Killarney
146,0.001263264,11028,BLUE Downtown
147,0.001263264,10549,11 Westwood
148,0.001263264,60097,60 Downtown
149,0.001263264,10566,11 Glenway
150,0.001263264,61254,36 University of Manitoba
151,0.001263264,10817,36 University of Manitoba
152,0.001263264,60125,60 University of Manitoba
153,0.001263264,60051,662 University of Manitoba
154,0.001263264,60105,47 Transcona via Regent
155,0.001263264,60103,36 Health Sciences Centre
156,0.001263264,60103,47 Transcona via Regent
157,0.001263264,60063,672 U. of Manitoba via Killarney
158,0.001263264,40470,47 University of Manitoba
159,0.001263264,60251,36 University of Manitoba
160,0.001263264,60158,672 U. of Manitoba via Killarney
161,0.001263264,10629,11 North Kildonan via Rothesay
162,0.001263264,60114,78 Polo Park
163,0.001263264,60078,662 Markham Station
164,0.001263264,61205,BLUE St. Norbert
165,0.001263264,60144,60 University of Manitoba
166,0.001263264,11033,BLUE St. Norbert
167,0.001263264,60144,47 University of Manitoba
168,0.001263264,10576,11 Glenway
169,0.001263264,60910,75 University of Manitoba
170,0.001263264,60118,60 University of Manitoba
171,0.001263264,61205,BLUE St. Norbert
172,0.001263264,50401,75 Kildonan Place
173,0.001010611,60111,75 Kildonan Place
174,0.001010611,61113,60 University of Manitoba
175,0.001010611,60244,47 Transcona via Regent
176,0.001010611,61114,60 University of Manitoba
177,0.001010611,50588,54 Downtown
178,0.001010611,10197,36 University of Manitoba
179,0.001010611,10102,36 University of Manitoba
180,0.001010611,60523,66 Unicity
181,0.001010611,10482,15 Inkster Park via Inkster
182,0.001010611,60084,662 Markham Station
183,0.001010611,60050,662 Markham Station
184,0.001010611,60721,75 University of Manitoba
185,0.001010611,10548,21 Grace Hospital
186,0.001010611,50586,54 Downtown
187,0.001010611,61253,672 U. of Manitoba via Killarney
188,0.001010611,60041,662 University of Manitoba
189,0.001010611,60910,75 University of Manitoba
190,0.001010611,10629,44 Kildonan Place via Louelda
191,0.001010611,10629,44 Kildonan Place via London
192,0.001010611,60046,662 Markham Station
193,0.001010611,60120,60 Downtown
194,0.001010611,10157,BLUE Downtown
195,0.001010611,40443,11 Polo Park
196,0.001010611,10568,11 Glenway
197,0.001010611,61204,BLUE Downtown
198,0.001010611,50405,75 Kildonan Place
199,0.001010611,10770,19 RRC Polytech via Notre Dame
200,0.001010611,60243,47 University of Manitoba
201,0.001010611,60107,47 University of Manitoba
202,0.001010611,61204,BLUE Downtown
203,0.001010611,10714,11 Glenway
204,0.001010611,60117,60 University of Manitoba
205,0.001010611,30098,11 Polo Park
206,0.001010611,30416,18 Tuxedo
207,0.001010611,60153,47 Transcona via Regent
208,0.001010611,11031,BLUE St. Norbert
209,0.001010611,60151,47 University of Manitoba
210,0.001010611,61209,BLUE St. Norbert
211,0.001010611,10611,BLUE University of Manitoba
212,0.001010611,60243,60 University of Manitoba
213,0.001010611,60112,47 University of Manitoba
214,0.001010611,60239,60 University of Manitoba
215,0.001010611,20181,24 Downtown
216,0.001010611,60108,75 Kildonan Place
217,0.001010611,61254,74 University of Manitoba
218,0.001010611,61210,BLUE Downtown
219,0.001010611,61209,BLUE St. Norbert
220,0.001010611,10642,BLUE University of Manitoba
221,0.001010611,60242,47 Transcona via Regent
222,0.001010611,10159,BLUE University of Manitoba
223,0.001010611,10562,11 North Kildonan via Rothesay
224,0.000757959,10372,77 Kildonan Place
225,0.000757959,30500,35 Amber Trails
226,0.000757959,10769,19 RRC Polytech via Notre Dame
227,0.000757959,20198,24 Downtown
228,0.000757959,10094,36 University of Manitoba
229,0.000757959,10087,36 Health Sciences Centre
230,0.000757959,10545,22 St. Charles
231,0.000757959,61249,672 U. of Manitoba via Killarney
232,0.000757959,11039,15 Inkster Park via Inkster
233,0.000757959,60050,672 Prairie Pointe via Killarney
234,0.000757959,60081,662 University of Manitoba
235,0.000757959,10490,19 Windsor Park via Drake
236,0.000757959,10491,19 Windsor Park via Autumnwood
237,0.000757959,61120,74 Polo Park
238,0.000757959,50633,75 University of Manitoba
239,0.000757959,30097,18 Riverbend
240,0.000757959,30095,18 Riverbend
241,0.000757959,10632,18 Tuxedo
242,0.000757959,10633,18 Tuxedo
243,0.000757959,10545,21 Grace Hospital
244,0.000757959,60082,672 Prairie Pointe via Killarney
245,0.000757959,50824,75 University of Manitoba
246,0.000757959,60673,75 Kildonan Place
247,0.000757959,10759,17 Maples
248,0.000757959,60085,672 Prairie Pointe via Killarney
249,0.000757959,30087,18 Riverbend
250,0.000757959,30089,18 Riverbend
251,0.000757959,60911,75 Kildonan Place
252,0.000757959,60072,671 Prairie Pointe via Dalhousie
253,0.000757959,10549,24 Unicity
254,0.000757959,60680,671 U. of Manitoba via Dalhousie
255,0.000757959,30094,18 Tuxedo
256,0.000757959,61253,75 University of Manitoba
257,0.000757959,10548,24 Unicity
258,0.000757959,10406,28 Inkster Park
259,0.000757959,60160,672 U. of Manitoba via Killarney
260,0.000757959,10159,55 St. Vital Centre via Meadowood
261,0.000757959,61117,60 Downtown
262,0.000757959,60138,60 University of Manitoba
263,0.000757959,10569,11 Glenway
264,0.000757959,60150,60 University of Manitoba
265,0.000757959,40437,11 Polo Park
266,0.000757959,10498,14 South St. Vital via Dakota
267,0.000757959,10639,BLUE University of Manitoba
268,0.000757959,10625,BLUE Downtown
269,0.000757959,10570,11 Glenway
270,0.000757959,60150,47 University of Manitoba
271,0.000757959,60244,60 Downtown
272,0.000757959,30099,11 North Kildonan via Rothesay
273,0.000757959,60116,60 Downtown
274,0.000757959,10641,47 University of Manitoba
275,0.000757959,60153,47 Transcona via Regent
276,0.000757959,60115,60 University of Manitoba
277,0.000757959,10563,11 North Kildonan via Rothesay
278,0.000757959,20288,21 Downtown
279,0.000757959,61118,60 Downtown
280,0.000757959,60149,60 Downtown
281,0.000757959,10572,11 North Kildonan via Rothesay
282,0.000757959,10561,11 Polo Park
283,0.000757959,60114,47 Transcona via Regent
284,0.000757959,60127,60 Downtown
285,0.000757959,10579,11 North Kildonan via Rothesay
286,0.000757959,60111,47 Transcona via Regent
287,0.000757959,40768,47 Transcona via Kildare
288,0.000757959,40756,47 University of Manitoba
289,0.000757959,40448,47 University of Manitoba
290,0.000757959,10634,11 Polo Park
291,0.000757959,60147,60 Downtown
292,0.000757959,60736,BLUE St. Norbert
293,0.000757959,40322,47 Transcona via Kildare
294,0.000757959,10575,11 Glenway
295,0.000757959,10422,36 University of Manitoba
296,0.000757959,10637,11 Polo Park
297,0.000757959,10712,11 North Kildonan via Rothesay
298,0.000757959,60146,47 Transcona via Regent
299,0.000757959,10563,11 North Kildonan via Donwood
300,0.000757959,10564,11 North Kildonan via Donwood
301,0.000757959,40272,90 Henderson & Whellams
302,0.000757959,60141,78 Polo Park
303,0.000757959,10429,36 University of Manitoba
304,0.000757959,60076,662 Markham Station
305,0.000757959,10483,15 Inkster Park via Church
306,0.000757959,10482,15 Inkster Park via Church
307,0.000757959,60074,662 University of Manitoba
308,0.000757959,60052,662 Markham Station
309,0.000757959,60048,662 University of Manitoba
310,0.000757959,10546,11 Crestview
311,0.000757959,60107,78 University of Manitoba
312,0.000757959,60108,78 Polo Park
313,0.000757959,10546,11 Polo Park
314,0.000757959,61253,78 University of Manitoba
315,0.000757959,50157,49 North Transcona
316,0.000757959,10547,11 Polo Park
317,0.000757959,60112,78 University of Manitoba
318,0.000757959,61214,BLUE Downtown
319,0.000757959,60237,47 Transcona via Regent
320,0.000757959,61212,BLUE Downtown
321,0.000757959,10630,44 Kildonan Place via Louelda
322,0.000757959,60194,78 University of Manitoba
323,0.000757959,10547,11 Polo Park
324,0.000757959,60718,47 University of Manitoba
325,0.000757959,10548,11 Polo Park
326,0.000505306,50686,54 Downtown
327,0.000505306,60154,47 University of Manitoba
328,0.000505306,60108,47 Transcona via Regent
329,0.000505306,60672,672 Prairie Pointe via Killarney
330,0.000505306,10804,49 Downtown
331,0.000505306,20418,21 Downtown
332,0.000505306,20143,24 Unicity
333,0.000505306,60051,672 U. of Manitoba via Killarney
334,0.000505306,60126,60 Downtown
335,0.000505306,20183,24 Downtown
336,0.000505306,50587,54 South St. Vital
337,0.000505306,60139,47 University of Manitoba
338,0.000505306,50083,50 Sage Creek
339,0.000505306,50271,55 St. Vital Centre via Meadowood
340,0.000505306,20166,24 Unicity
341,0.000505306,60425,672 Prairie Pointe via Killarney
342,0.000505306,50078,50 Sage Creek
343,0.000505306,10078,60 University of Manitoba
344,0.000505306,10803,49 North Transcona
345,0.000505306,60146,47 Transcona via Regent
346,0.000505306,60090,672 U. of Manitoba via Killarney
347,0.000505306,60056,672 Prairie Pointe via Killarney
348,0.000505306,60149,47 Transcona via Regent
349,0.000505306,20174,24 Downtown
350,0.000505306,20184,24 Downtown
351,0.000505306,10417,36 Maples
352,0.000505306,60108,47 Transcona via Regent
353,0.000505306,60071,671 Prairie Pointe via Dalhousie
354,0.000505306,40828,44 Broadway via Louelda
355,0.000505306,40472,44 Broadway via Louelda
356,0.000505306,40296,44 Kildonan Place via London
357,0.000505306,10070,66 Unicity
358,0.000505306,10782,66 Unicity
359,0.000505306,10357,44 Broadway via Louelda
360,0.000505306,60524,66 City Hall
361,0.000505306,60036,662 Markham Station
362,0.000505306,60038,662 University of Manitoba
363,0.000505306,60043,662 University of Manitoba
364,0.000505306,60105,47 Transcona via Regent
365,0.000505306,60044,662 Markham Station
366,0.000505306,60253,36 Health Sciences Centre
367,0.000505306,60672,662 Markham Station
368,0.000505306,30496,33 Downtown
369,0.000505306,60105,662 Markham Station
370,0.000505306,60086,662 University of Manitoba
371,0.000505306,30841,36 University of Manitoba
372,0.000505306,30467,36 University of Manitoba
373,0.000505306,10817,36 University of Manitoba
374,0.000505306,60079,662 University of Manitoba
375,0.000505306,10798,36 University of Manitoba
376,0.000505306,61115,60 University of Manitoba
377,0.000505306,60076,671 Prairie Pointe via Dalhousie
378,0.000505306,60078,671 Prairie Pointe via Dalhousie
379,0.000505306,10630,47 Transcona via Regent
380,0.000505306,20189,24 Downtown
381,0.000505306,20191,24 Downtown
382,0.000505306,61023,671 U. of Manitoba via Dalhousie
383,0.000505306,60103,47 Transcona via Regent
384,0.000505306,40790,47 University of Manitoba
385,0.000505306,61021,671 U. of Manitoba via Dalhousie
386,0.000505306,40337,47 Transcona via Kildare
387,0.000505306,60131,60 University of Manitoba
388,0.000505306,10407,28 Downtown
389,0.000505306,10413,28 Downtown
390,0.000505306,10422,28 Downtown
391,0.000505306,10489,28 Downtown
392,0.000505306,60672,671 Prairie Pointe via Dalhousie
393,0.000505306,60156,60 Downtown
394,0.000505306,10796,28 Downtown
395,0.000505306,20049,28 Downtown
396,0.000505306,20053,28 Inkster Park
397,0.000505306,60242,60 Downtown
398,0.000505306,60085,671 Prairie Pointe via Dalhousie
399,0.000505306,60083,671 U. of Manitoba via Dalhousie
400,0.000505306,60082,671 Prairie Pointe via Dalhousie
401,0.000505306,60248,60 University of Manitoba
402,0.000505306,60080,671 Prairie Pointe via Dalhousie
403,0.000505306,60682,672 Prairie Pointe via Killarney
404,0.000505306,10411,19 RRC Polytech via Notre Dame
405,0.000505306,61207,BLUE St. Norbert
406,0.000505306,10572,11 North Kildonan via Rothesay
407,0.000505306,10571,11 Glenway
408,0.000505306,10570,11 North Kildonan via Donwood
409,0.000505306,10568,11 North Kildonan via Rothesay
410,0.000505306,10634,11 Polo Park
411,0.000505306,10634,11 Polo Park
412,0.000505306,10565,11 North Kildonan via Rothesay
413,0.000505306,10565,11 North Kildonan via Donwood
414,0.000505306,10565,11 North Kildonan via Rothesay
415,0.000505306,10564,11 Glenway
416,0.000505306,61208,BLUE Downtown
417,0.000505306,10561,11 Polo Park
418,0.000505306,10558,11 Polo Park
419,0.000505306,10369,77 Kildonan Place
420,0.000505306,10646,17 Maples
421,0.000505306,10754,17 Maples
422,0.000505306,10556,11 Polo Park
423,0.000505306,60112,75 University of Manitoba
424,0.000505306,10628,18 Riverbend
425,0.000505306,61211,BLUE St. Norbert
426,0.000505306,10630,18 Riverbend
427,0.000505306,10633,18 Tuxedo
428,0.000505306,10555,11 Polo Park
429,0.000505306,10551,11 Polo Park
430,0.000505306,30054,18 Tuxedo
431,0.000505306,60107,75 University of Manitoba
432,0.000505306,10551,11 Crestview
433,0.000505306,10707,15 Airport via Wellington
434,0.000505306,60211,78 Polo Park
435,0.000505306,50816,75 Kildonan Place
436,0.000505306,20006,77 Polo Park
437,0.000505306,60099,BLUE St. Norbert
438,0.000505306,60139,78 University of Manitoba
439,0.000505306,60113,78 University of Manitoba
440,0.000505306,60205,78 Polo Park
441,0.000505306,10580,11 North Kildonan via Rothesay
442,0.000505306,60107,BLUE University of Manitoba
443,0.000505306,50551,14 South St. Vital via Dakota
444,0.000505306,10583,11 North Kildonan via Rothesay
445,0.000505306,10628,11 North Kildonan via Rothesay
446,0.000505306,10629,11 North Kildonan via Donwood
447,0.000505306,30815,77 Kildonan Place
448,0.000505306,30812,77 Polo Park
449,0.000505306,10471,15 Inkster Park via Church
450,0.000505306,60122,BLUE St. Norbert
451,0.000505306,10577,11 North Kildonan via Rothesay
452,0.000505306,10473,15 Inkster Park via Inkster
453,0.000505306,10577,11 Glenway
454,0.000505306,60067,BLUE St. Norbert
455,0.000505306,20609,77 Polo Park
456,0.000505306,20149,77 Polo Park
457,0.000505306,10576,11 North Kildonan via Rothesay
458,0.000505306,60675,BLUE Downtown
459,0.000505306,10574,11 North Kildonan via Rothesay
460,0.000505306,10534,15 Airport via Wellington
461,0.000505306,10534,15 Airport via Wellington
462,0.000505306,10574,11 Glenway
463,0.000505306,61203,BLUE St. Norbert
464,0.000505306,60103,75 Kildonan Place
465,0.000505306,30073,18 Tuxedo
466,0.000505306,10545,11 Westwood
467,0.000505306,10549,21 Grace Hospital
468,0.000505306,10735,19 RRC Polytech via Notre Dame
469,0.000505306,10771,19 RRC Polytech via Notre Dame
470,0.000505306,40435,11 Polo Park
471,0.000505306,30091,18 Tuxedo
472,0.000505306,60673,74 Polo Park
473,0.000505306,11028,BLUE Downtown
474,0.000505306,10297,14 South St. Vital via Dakota
475,0.000505306,10548,21 Crestview
476,0.000505306,10548,21 Westwood
477,0.000505306,40281,90 North Transcona
478,0.000505306,10549,21 St. Charles
479,0.000505306,40342,90 North Transcona
480,0.000505306,61116,74 University of Manitoba
481,0.000505306,10549,21 Westwood
482,0.000505306,10512,14 South St. Vital via Dakota
483,0.000505306,10535,14 Ferry Road
484,0.000505306,10542,11 Polo Park
485,0.000505306,10542,11 Polo Park
486,0.000505306,10618,BLUE St. Norbert
487,0.000505306,62000,672 U. of Manitoba via Killarney
488,0.000505306,20206,21 St. Charles
489,0.000505306,61251,672 U. of Manitoba via Killarney
490,0.000505306,10541,11 Polo Park
491,0.000505306,20285,21 Downtown
492,0.000505306,40370,11 North Kildonan via Rothesay
493,0.000505306,30099,11 North Kildonan via Rothesay
494,0.000505306,10715,11 Polo Park
495,0.000505306,61213,BLUE St. Norbert
496,0.000505306,30091,18 Tuxedo
497,0.000505306,30092,18 Riverbend
498,0.000505306,30094,18 Tuxedo
499,0.000505306,11034,BLUE Downtown
500,0.000505306,30413,18 Garden City via Jefferson
501,0.000505306,10159,19 Windsor Park via Autumnwood
502,0.000505306,10637,11 Polo Park
503,0.000505306,61213,BLUE St. Norbert
504,0.000505306,10548,11 Westwood
505,0.000505306,10313,19 Windsor Park via Drake
506,0.000505306,10547,11 Polo Park
507,0.000505306,10546,11 Westwood
508,0.000505306,10547,11 Polo Park
509,0.000505306,10413,19 Windsor Park via Autumnwood
510,0.000505306,10800,11 Downtown
511,0.000505306,50312,75 University of Manitoba
512,0.000505306,11032,BLUE Downtown
513,0.000505306,50401,75 Kildonan Place
514,0.000252653,60155,60 University of Manitoba
515,0.000252653,60128,60 University of Manitoba
516,0.000252653,11030,BLUE Downtown
517,0.000252653,10134,BLUE St. Norbert
518,0.000252653,10157,BLUE Downtown
519,0.000252653,10616,BLUE St. Norbert
520,0.000252653,60138,60 University of Manitoba
521,0.000252653,11034,BLUE Downtown
522,0.000252653,60152,60 Downtown
523,0.000252653,60130,60 University of Manitoba
524,0.000252653,10624,BLUE Downtown
525,0.000252653,60130,60 University of Manitoba
526,0.000252653,60129,60 Downtown
527,0.000252653,60065,BLUE St. Norbert
528,0.000252653,60128,60 University of Manitoba
529,0.000252653,11030,BLUE Downtown
530,0.000252653,60154,60 University of Manitoba
531,0.000252653,10624,BLUE Downtown
532,0.000252653,60132,60 Downtown
533,0.000252653,60742,672 U. of Manitoba via Killarney
534,0.000252653,60099,BLUE St. Norbert
535,0.000252653,60103,BLUE Downtown
536,0.000252653,50490,58 Downtown
537,0.000252653,50284,55 Downtown via Meadowood
538,0.000252653,50278,55 St. Vital Centre via Meadowood
539,0.000252653,50275,55 Downtown via Meadowood
540,0.000252653,50269,55 Downtown via Meadowood
541,0.000252653,50268,55 St. Vital Centre via Meadowood
542,0.000252653,61217,BLUE St. Norbert
543,0.000252653,50267,55 Downtown via Meadowood
544,0.000252653,50266,55 St. Vital Centre via Meadowood
545,0.000252653,50265,55 Downtown via Meadowood
546,0.000252653,50264,55 St. Vital Centre via Meadowood
547,0.000252653,50262,55 Downtown via Meadowood
548,0.000252653,50262,55 Downtown via Meadowood
549,0.000252653,61218,BLUE University of Manitoba
550,0.000252653,50207,55 St. Vital Centre via Meadowood
551,0.000252653,10641,55 St. Vital Centre via Meadowood
552,0.000252653,10639,55 St. Vital Centre via Meadowood
553,0.000252653,50496,58 Downtown
554,0.000252653,50819,58 Downtown
555,0.000252653,10159,59 Island Lakes
556,0.000252653,61202,BLUE Downtown
557,0.000252653,60115,BLUE St. Norbert
558,0.000252653,60117,BLUE St. Norbert
559,0.000252653,60118,BLUE St. Norbert
560,0.000252653,60118,BLUE St. Norbert
561,0.000252653,60121,60 Downtown
562,0.000252653,61202,BLUE Downtown
563,0.000252653,60120,60 Downtown
564,0.000252653,60119,60 Downtown
565,0.000252653,50615,59 Aldgate
566,0.000252653,61205,BLUE St. Norbert
567,0.000252653,60259,60 University of Manitoba
568,0.000252653,61208,BLUE Downtown
569,0.000252653,61210,BLUE Downtown
570,0.000252653,61212,BLUE Downtown
571,0.000252653,10600,60 University of Manitoba
572,0.000252653,10172,60 University of Manitoba
573,0.000252653,10085,60 Downtown
574,0.000252653,60249,60 University of Manitoba
575,0.000252653,10589,66 Unicity
576,0.000252653,40864,90 Henderson & Whellams
577,0.000252653,61179,671 U. of Manitoba via Dalhousie
578,0.000252653,61025,671 U. of Manitoba via Dalhousie
579,0.000252653,50407,75 University of Manitoba
580,0.000252653,61022,671 U. of Manitoba via Dalhousie
581,0.000252653,61012,671 Prairie Pointe via Dalhousie
582,0.000252653,61008,671 Prairie Pointe via Dalhousie
583,0.000252653,50634,75 Kildonan Place
584,0.000252653,60105,75 Kildonan Place
585,0.000252653,60109,75 Kildonan Place
586,0.000252653,60109,75 Kildonan Place
587,0.000252653,60111,75 Kildonan Place
588,0.000252653,60139,75 University of Manitoba
589,0.000252653,10370,77 Kildonan Place
590,0.000252653,61138,662 Markham Station
591,0.000252653,60672,662 Markham Station
592,0.000252653,10370,77 Kildonan Place
593,0.000252653,60659,662 Markham Station
594,0.000252653,10372,77 Kildonan Place
595,0.000252653,60658,662 Markham Station
596,0.000252653,10373,77 Kildonan Place
597,0.000252653,60088,662 University of Manitoba
598,0.000252653,10428,77 Kildonan Place
599,0.000252653,10428,77 Kildonan Place
600,0.000252653,20003,77 Polo Park
601,0.000252653,60085,662 Markham Station
602,0.000252653,20005,77 Polo Park
603,0.000252653,20006,77 Polo Park
604,0.000252653,60080,662 Markham Station
605,0.000252653,50406,75 Kildonan Place
606,0.000252653,10159,55 St. Vital Centre via Meadowood
607,0.000252653,40507,90 North Transcona
608,0.000252653,50404,75 University of Manitoba
609,0.000252653,60893,672 Prairie Pointe via Killarney
610,0.000252653,60454,672 Prairie Pointe via Killarney
611,0.000252653,60454,672 Prairie Pointe via Killarney
612,0.000252653,62000,672 U. of Manitoba via Killarney
613,0.000252653,62001,672 U. of Manitoba via Killarney
614,0.000252653,60158,672 U. of Manitoba via Killarney
615,0.000252653,62002,672 Prairie Pointe via Killarney
616,0.000252653,60184,676 Bridgwater Centre
617,0.000252653,60157,672 U. of Manitoba via Killarney
618,0.000252653,60004,677 Beaumont Station
619,0.000252653,60008,677 Beaumont Station
620,0.000252653,60995,677 Kenaston Common
621,0.000252653,60082,672 Prairie Pointe via Killarney
622,0.000252653,60080,672 Prairie Pointe via Killarney
623,0.000252653,61103,677 Beaumont Station
624,0.000252653,60077,672 U. of Manitoba via Killarney
625,0.000252653,61256,677 Beaumont Station
626,0.000252653,60431,74 University of Manitoba
627,0.000252653,60709,74 University of Manitoba
628,0.000252653,60727,74 University of Manitoba
629,0.000252653,61113,74 University of Manitoba
630,0.000252653,60060,672 Prairie Pointe via Killarney
631,0.000252653,60060,672 Prairie Pointe via Killarney
632,0.000252653,61119,74 Polo Park
633,0.000252653,50021,75 University of Manitoba
634,0.000252653,50400,75 University of Manitoba
635,0.000252653,60051,672 U. of Manitoba via Killarney
636,0.000252653,20009,77 Polo Park
637,0.000252653,20011,77 Polo Park
638,0.000252653,20015,77 Polo Park
639,0.000252653,20022,77 Kildonan Place
640,0.000252653,10783,66 Polo Park
641,0.000252653,60212,78 Polo Park
642,0.000252653,10781,66 Unicity
643,0.000252653,10779,66 City Hall
644,0.000252653,60683,672 Prairie Pointe via Killarney
645,0.000252653,60215,78 University of Manitoba
646,0.000252653,60372,78 University of Manitoba
647,0.000252653,10159,66 Polo Park
648,0.000252653,10071,66 City Hall
649,0.000252653,60673,78 Polo Park
650,0.000252653,60730,78 Polo Park
651,0.000252653,11029,65 Ridgewood
652,0.000252653,62030,649 Whyte Ridge
653,0.000252653,60718,649 Whyte Ridge
654,0.000252653,60809,78 Polo Park
655,0.000252653,60242,649 Windermere
656,0.000252653,61254,78 University of Manitoba
657,0.000252653,40254,90 North Transcona
658,0.000252653,61119,60 Downtown
659,0.000252653,40280,90 Henderson & Whellams
660,0.000252653,61119,60 Downtown
661,0.000252653,40351,90 Henderson & Whellams
662,0.000252653,40352,90 Henderson & Whellams
663,0.000252653,61114,60 University of Manitoba
664,0.000252653,40420,90 North Transcona
665,0.000252653,40421,90 North Transcona
666,0.000252653,60718,60 University of Manitoba
667,0.000252653,10784,66 City Hall
668,0.000252653,11029,66 Unicity
669,0.000252653,60290,66 City Hall
670,0.000252653,20200,78 University of Manitoba
671,0.000252653,20025,77 Polo Park
672,0.000252653,20027,77 Polo Park
673,0.000252653,20028,77 Kildonan Place
674,0.000252653,20038,77 Polo Park
675,0.000252653,30686,77 Kildonan Place
676,0.000252653,30786,77 Polo Park
677,0.000252653,30810,77 Polo Park
678,0.000252653,30811,77 Polo Park
679,0.000252653,30811,77 Polo Park
680,0.000252653,30816,77 Kildonan Place
681,0.000252653,40690,77 Kildonan Place
682,0.000252653,60107,78 University of Manitoba
683,0.000252653,60290,66 City Hall
684,0.000252653,60111,78 Polo Park
685,0.000252653,60113,78 University of Manitoba
686,0.000252653,60114,78 Polo Park
687,0.000252653,60141,78 Polo Park
688,0.000252653,60199,78 Polo Park
689,0.000252653,60527,66 Unicity
690,0.000252653,60204,78 University of Manitoba
691,0.000252653,60207,78 University of Manitoba
692,0.000252653,60390,66 City Hall
693,0.000252653,60208,78 Polo Park
694,0.000252653,60300,66 Unicity
695,0.000252653,60294,66 City Hall
696,0.000252653,10131,11 Polo Park
697,0.000252653,10625,47 Transcona via Regent
698,0.000252653,50770,54 South St. Vital
699,0.000252653,50576,14 South St. Vital via Dakota
700,0.000252653,50579,14 Ferry Road
701,0.000252653,50616,14 Ferry Road
702,0.000252653,50678,14 Ferry Road
703,0.000252653,50720,14 South St. Vital via Paddington
704,0.000252653,50881,14 South St. Vital via Dakota
705,0.000252653,10135,15 Inkster Park via Inkster
706,0.000252653,10135,15 Inkster Park via Inkster
707,0.000252653,10135,15 Inkster Park via Church
708,0.000252653,10402,15 Airport via Wellington
709,0.000252653,10455,15 Inkster Park via Inkster
710,0.000252653,10456,15 Airport via Wellington
711,0.000252653,10464,15 Airport via Wellington
712,0.000252653,10469,15 Inkster Park via Inkster
713,0.000252653,10470,15 Airport via Wellington
714,0.000252653,10472,15 Airport via Wellington
715,0.000252653,10473,15 Inkster Park via Church
716,0.000252653,10474,15 Airport via Wellington
717,0.000252653,10480,15 Inkster Park via Church
718,0.000252653,10484,15 Airport via Wellington
719,0.000252653,10486,15 Airport via Wellington
720,0.000252653,10487,15 Airport via Wellington
721,0.000252653,10488,15 Inkster Park via Inkster
722,0.000252653,10488,15 Inkster Park via Church
723,0.000252653,10488,15 Inkster Park via Inkster
724,0.000252653,50577,14 Ferry Road
725,0.000252653,50574,14 South St. Vital via Dakota
726,0.000252653,10526,14 South St. Vital via Dakota
727,0.000252653,50567,14 Ferry Road
728,0.000252653,10530,14 South St. Vital via Dakota
729,0.000252653,10543,14 Ferry Road
730,0.000252653,10620,14 Ferry Road
731,0.000252653,10641,14 South St. Vital via Dakota
732,0.000252653,10644,14 Ferry Road
733,0.000252653,11025,14 South St. Vital via Dakota
734,0.000252653,11039,14 South St. Vital via Dakota
735,0.000252653,50190,14 Ferry Road
736,0.000252653,50262,14 Ferry Road
737,0.000252653,50264,14 South St. Vital via Dakota
738,0.000252653,50268,14 South St. Vital via Dakota
739,0.000252653,50269,14 Ferry Road
740,0.000252653,50271,14 South St. Vital via Dakota
741,0.000252653,50275,14 Ferry Road
742,0.000252653,50275,14 Ferry Road
743,0.000252653,50298,14 South St. Vital via Dakota
744,0.000252653,50298,14 South St. Vital via Dakota
745,0.000252653,50490,14 Ferry Road
746,0.000252653,50497,14 Ferry Road
747,0.000252653,50551,14 South St. Vital via Dakota
748,0.000252653,50553,14 South St. Vital via Dakota
749,0.000252653,50555,14 South St. Vital via Dakota
750,0.000252653,50557,14 South St. Vital via Dakota
751,0.000252653,50562,14 Ferry Road
752,0.000252653,50564,14 Ferry Road
753,0.000252653,10538,15 Airport via Wellington
754,0.000252653,10543,15 Airport via Wellington
755,0.000252653,10543,15 Airport via Wellington
756,0.000252653,10581,15 Inkster Park via Church
757,0.000252653,10171,18 Riverbend
758,0.000252653,10598,18 Tuxedo
759,0.000252653,10607,18 Riverbend
760,0.000252653,10611,18 Riverbend
761,0.000252653,10616,18 Riverbend
762,0.000252653,10619,18 Tuxedo
763,0.000252653,10628,18 Riverbend
764,0.000252653,10633,18 Tuxedo
765,0.000252653,10634,18 Tuxedo
766,0.000252653,10636,18 Tuxedo
767,0.000252653,10704,18 Riverbend
768,0.000252653,30071,18 Tuxedo
769,0.000252653,30074,18 Riverbend
770,0.000252653,30074,18 Riverbend
771,0.000252653,30077,18 Tuxedo
772,0.000252653,30080,18 Tuxedo
773,0.000252653,30083,18 Tuxedo
774,0.000252653,30083,18 Tuxedo
775,0.000252653,30085,18 Riverbend
776,0.000252653,30085,18 Riverbend
777,0.000252653,30089,18 Riverbend
778,0.000252653,30089,18 Riverbend
779,0.000252653,30225,18 Garden City via Jefferson
780,0.000252653,30420,18 Tuxedo
781,0.000252653,10147,18 Riverbend
782,0.000252653,30266,17 Misericordia Health Centre
783,0.000252653,30265,17 Maples
784,0.000252653,30096,16 Plaza Drive
785,0.000252653,10695,15 Inkster Park via Inkster
786,0.000252653,10695,15 Inkster Park via Inkster
787,0.000252653,11039,15 Inkster Park via Inkster
788,0.000252653,10065,16 Tyndall Park via Manitoba
789,0.000252653,10599,16 Island Lakes
790,0.000252653,10631,16 Tyndall Park via Manitoba
791,0.000252653,10631,16 Tyndall Park via Manitoba
792,0.000252653,10632,16 Plaza Drive
793,0.000252653,30094,16 Plaza Drive
794,0.000252653,30666,16 Tyndall Park via Burrows
795,0.000252653,30201,17 Maples
796,0.000252653,50786,16 Island Lakes
797,0.000252653,50788,16 Island Lakes
798,0.000252653,10751,17 Maples
799,0.000252653,10754,17 Maples
800,0.000252653,10755,17 Misericordia Health Centre
801,0.000252653,10757,17 Maples
802,0.000252653,10758,17 Misericordia Health Centre
803,0.000252653,10778,17 Misericordia Health Centre
804,0.000252653,30180,17 Maples
805,0.000252653,10528,14 Ferry Road
806,0.000252653,10524,14 South St. Vital via Dakota
807,0.000252653,10159,19 Windsor Park via Drake
808,0.000252653,10564,11 North Kildonan via Rothesay
809,0.000252653,10566,11 North Kildonan via Rothesay
810,0.000252653,10566,11 North Kildonan via Rothesay
811,0.000252653,10566,11 North Kildonan via Donwood
812,0.000252653,10566,11 North Kildonan via Rothesay
813,0.000252653,10567,11 North Kildonan via Rothesay
814,0.000252653,10567,11 North Kildonan via Rothesay
815,0.000252653,10567,11 Glenway
816,0.000252653,10567,11 North Kildonan via Rothesay
817,0.000252653,10568,11 North Kildonan via Donwood
818,0.000252653,10569,11 North Kildonan via Donwood
819,0.000252653,10570,11 North Kildonan via Rothesay
820,0.000252653,10570,11 North Kildonan via Rothesay
821,0.000252653,10571,11 North Kildonan via Rothesay
822,0.000252653,10572,11 North Kildonan via Donwood
823,0.000252653,10572,11 Glenway
824,0.000252653,10574,11 North Kildonan via Rothesay
825,0.000252653,10574,11 North Kildonan via Donwood
826,0.000252653,10575,11 North Kildonan via Rothesay
827,0.000252653,10575,11 North Kildonan via Rothesay
828,0.000252653,10575,11 North Kildonan via Rothesay
829,0.000252653,10576,11 North Kildonan via Rothesay
830,0.000252653,10576,11 North Kildonan via Rothesay
831,0.000252653,10578,11 North Kildonan via Rothesay
832,0.000252653,10578,11 North Kildonan via Donwood
833,0.000252653,10578,11 North Kildonan via Rothesay
834,0.000252653,10564,11 North Kildonan via Rothesay
835,0.000252653,10563,11 North Kildonan via Rothesay
836,0.000252653,10524,14 South St. Vital via Dakota
837,0.000252653,10563,11 North Kildonan via Rothesay
838,0.000252653,10162,11 Polo Park
839,0.000252653,10162,11 Polo Park
840,0.000252653,10541,11 Polo Park
841,0.000252653,10542,11 Polo Park
842,0.000252653,10543,11 Polo Park
843,0.000252653,10543,11 Crestview
844,0.000252653,10543,11 Polo Park
845,0.000252653,10543,11 Westwood
846,0.000252653,10545,11 Crestview
847,0.000252653,10547,11 Polo Park
848,0.000252653,10547,11 Polo Park
849,0.000252653,10550,11 Crestview
850,0.000252653,10550,11 Polo Park
851,0.000252653,10550,11 Polo Park
852,0.000252653,10551,11 Polo Park
853,0.000252653,10551,11 Westwood
854,0.000252653,10552,11 Polo Park
855,0.000252653,10555,11 Polo Park
856,0.000252653,10556,11 Polo Park
857,0.000252653,10557,11 Polo Park
858,0.000252653,10557,11 Polo Park
859,0.000252653,10557,11 Polo Park
860,0.000252653,10559,11 Polo Park
861,0.000252653,10559,11 Polo Park
862,0.000252653,10562,11 North Kildonan via Rothesay
863,0.000252653,10579,11 North Kildonan via Rothesay
864,0.000252653,10579,11 North Kildonan via Rothesay
865,0.000252653,10580,11 North Kildonan via Rothesay
866,0.000252653,10580,11 Glenway
867,0.000252653,10159,14 South St. Vital via Dakota
868,0.000252653,10297,14 South St. Vital via Dakota
869,0.000252653,10495,14 Ferry Road
870,0.000252653,10499,14 South St. Vital via Dakota
871,0.000252653,10499,14 South St. Vital via Dakota
872,0.000252653,10500,14 Ferry Road
873,0.000252653,10501,14 South St. Vital via Dakota
874,0.000252653,10501,14 South St. Vital via Dakota
875,0.000252653,10502,14 Ferry Road
876,0.000252653,10505,14 Ferry Road
877,0.000252653,10508,14 South St. Vital via Dakota
878,0.000252653,10509,14 Ferry Road
879,0.000252653,10510,14 South St. Vital via Dakota
880,0.000252653,10511,14 Ferry Road
881,0.000252653,10512,14 South St. Vital via Dakota
882,0.000252653,10513,14 Ferry Road
883,0.000252653,10514,14 South St. Vital via Dakota
884,0.000252653,10517,14 Ferry Road
885,0.000252653,10518,14 Ferry Road
886,0.000252653,10519,14 South St. Vital via Dakota
887,0.000252653,10519,14 South St. Vital via Dakota
888,0.000252653,10521,14 Ferry Road
889,0.000252653,10523,14 Ferry Road
890,0.000252653,10523,14 Ferry Road
891,0.000252653,10524,14 South St. Vital via Dakota
892,0.000252653,10257,12 City Hall
893,0.000252653,40681,11 Glenway
894,0.000252653,40436,11 Polo Park
895,0.000252653,10637,11 Polo Park
896,0.000252653,10581,11 North Kildonan via Donwood
897,0.000252653,10581,11 Glenway
898,0.000252653,10582,11 North Kildonan via Rothesay
899,0.000252653,10582,11 Glenway
900,0.000252653,10582,11 North Kildonan via Rothesay
901,0.000252653,10583,11 North Kildonan via Rothesay
902,0.000252653,10583,11 Glenway
903,0.000252653,10628,11 Glenway
904,0.000252653,10634,11 Polo Park
905,0.000252653,10635,11 Polo Park
906,0.000252653,10635,11 Polo Park
907,0.000252653,10712,11 Glenway
908,0.000252653,40432,11 Polo Park
909,0.000252653,10714,11 North Kildonan via Rothesay
910,0.000252653,10715,11 Polo Park
911,0.000252653,10716,11 Polo Park
912,0.000252653,10800,11 Downtown
913,0.000252653,20200,11 Crestview
914,0.000252653,30098,11 Polo Park
915,0.000252653,30099,11 Glenway
916,0.000252653,40369,11 Glenway
917,0.000252653,40370,11 North Kildonan via Rothesay
918,0.000252653,40371,11 Glenway
919,0.000252653,40378,11 North Kildonan via Rothesay
920,0.000252653,60372,18 Riverbend
921,0.000252653,10297,19 Windsor Park via Autumnwood
922,0.000252653,50685,54 Downtown
923,0.000252653,30101,44 Kildonan Place via London
924,0.000252653,40306,44 Kildonan Place via London
925,0.000252653,40307,44 Broadway via London
926,0.000252653,40458,44 Kildonan Place via London
927,0.000252653,40469,44 Kildonan Place via London
928,0.000252653,40827,44 Broadway via Louelda
929,0.000252653,10633,45 Downtown via Munroe
930,0.000252653,10157,47 Transcona via Regent
931,0.000252653,10157,47 Transcona via Regent
932,0.000252653,10354,47 Transcona via Kildare
933,0.000252653,10355,47 Transcona via Kildare
934,0.000252653,10355,47 Transcona via Regent
935,0.000252653,10363,47 University of Manitoba
936,0.000252653,10131,11 Polo Park
937,0.000252653,10632,47 University of Manitoba
938,0.000252653,10632,47 University of Manitoba
939,0.000252653,10633,47 University of Manitoba
940,0.000252653,10634,47 University of Manitoba
941,0.000252653,10635,47 University of Manitoba
942,0.000252653,11027,47 University of Manitoba
943,0.000252653,11030,47 Transcona via Regent
944,0.000252653,11034,47 Transcona via Regent
945,0.000252653,11051,47 Transcona via Regent
946,0.000252653,30100,47 University of Manitoba
947,0.000252653,30100,47 University of Manitoba
948,0.000252653,40129,44 Kildonan Place via London
949,0.000252653,10633,44 Broadway via Louelda
950,0.000252653,60103,36 Health Sciences Centre
951,0.000252653,10631,44 Kildonan Place via Louelda
952,0.000252653,60108,36 Health Sciences Centre
953,0.000252653,60251,36 University of Manitoba
954,0.000252653,60674,36 Health Sciences Centre
955,0.000252653,61253,36 University of Manitoba
956,0.000252653,10790,38 The Forks
957,0.000252653,30172,38 The Forks
958,0.000252653,10629,40 All Seasons
959,0.000252653,10629,41 North Kildonan
960,0.000252653,10634,41 Downtown
961,0.000252653,50166,43 Assiniboine
962,0.000252653,10352,44 Broadway via Louelda
963,0.000252653,10357,44 Broadway via Louelda
964,0.000252653,10359,44 Broadway via Louelda
965,0.000252653,10360,44 Kildonan Place via Louelda
966,0.000252653,10368,44 Kildonan Place via London
967,0.000252653,10368,44 Kildonan Place via London
968,0.000252653,10368,44 Kildonan Place via Louelda
969,0.000252653,10630,44 Kildonan Place via London
970,0.000252653,10630,44 Kildonan Place via London
971,0.000252653,40119,47 Transcona via Kildare
972,0.000252653,40174,47 University of Manitoba
973,0.000252653,40178,47 Transcona via Kildare
974,0.000252653,40183,47 Transcona via Regent
975,0.000252653,60238,47 Transcona via Regent
976,0.000252653,60674,47 Transcona via Regent
977,0.000252653,60718,47 University of Manitoba
978,0.000252653,61254,47 University of Manitoba
979,0.000252653,10611,49 North Transcona
980,0.000252653,10761,49 Downtown
981,0.000252653,50157,49 North Transcona
982,0.000252653,50162,49 Downtown
983,0.000252653,50166,49 Downtown
984,0.000252653,50170,49 North Transcona
985,0.000252653,50171,49 Downtown
986,0.000252653,50173,49 North Transcona
987,0.000252653,50176,49 Downtown
988,0.000252653,50077,50 Sage Creek
989,0.000252653,50080,50 Downtown
990,0.000252653,50081,50 Sage Creek
991,0.000252653,50082,50 Downtown
992,0.000252653,50093,50 Sage Creek
993,0.000252653,10639,54 South St. Vital
994,0.000252653,50576,54 South St. Vital
995,0.000252653,50582,54 Downtown
996,0.000252653,50584,54 Downtown
997,0.000252653,50585,54 South St. Vital
998,0.000252653,50589,54 South St. Vital
999,0.000252653,50593,54 South St. Vital
1000,0.000252653,60156,47 Transcona via Regent
1001,0.000252653,60156,47 Transcona via Regent
1002,0.000252653,60153,47 Transcona via Regent
1003,0.000252653,40337,47 Transcona via Regent
1004,0.000252653,40186,47 University of Manitoba
1005,0.000252653,40189,47 University of Manitoba
1006,0.000252653,40230,47 Transcona via Kildare
1007,0.000252653,40262,47 University of Manitoba
1008,0.000252653,40286,47 University of Manitoba
1009,0.000252653,40287,47 Transcona via Kildare
1010,0.000252653,40287,47 Transcona via Regent
1011,0.000252653,40314,47 University of Manitoba
1012,0.000252653,40314,47 University of Manitoba
1013,0.000252653,40322,47 Transcona via Kildare
1014,0.000252653,40337,47 Transcona via Kildare
1015,0.000252653,40447,47 Transcona via Regent
1016,0.000252653,60152,47 Transcona via Regent
1017,0.000252653,40448,47 University of Manitoba
1018,0.000252653,40786,47 Transcona via Regent
1019,0.000252653,60109,47 Transcona via Regent
1020,0.000252653,60110,47 University of Manitoba
1021,0.000252653,60110,47 University of Manitoba
1022,0.000252653,60111,47 Transcona via Regent
1023,0.000252653,60112,47 University of Manitoba
1024,0.000252653,60138,47 University of Manitoba
1025,0.000252653,60144,47 University of Manitoba
1026,0.000252653,60147,47 Transcona via Regent
1027,0.000252653,60151,47 University of Manitoba
1028,0.000252653,60105,36 Health Sciences Centre
1029,0.000252653,30500,36 Maples
1030,0.000252653,10391,19 RRC Polytech via Notre Dame
1031,0.000252653,10558,21 St. Charles
1032,0.000252653,10565,21 Downtown
1033,0.000252653,10573,21 Downtown
1034,0.000252653,10576,21 Downtown
1035,0.000252653,10577,21 Downtown
1036,0.000252653,20200,21 St. Charles
1037,0.000252653,20207,21 St. Charles
1038,0.000252653,20208,21 St. Charles
1039,0.000252653,20264,21 Downtown
1040,0.000252653,20287,21 Downtown
1041,0.000252653,20289,21 Downtown
1042,0.000252653,20290,21 Downtown
1043,0.000252653,10543,22 St. Charles
1044,0.000252653,10545,22 Crestview
1045,0.000252653,10546,22 Crestview
1046,0.000252653,10546,22 St. Charles
1047,0.000252653,10549,22 St. Charles
1048,0.000252653,10579,22 Downtown
1049,0.000252653,10383,24 Polo Park
1050,0.000252653,10552,24 Unicity
1051,0.000252653,10561,24 Unicity
1052,0.000252653,10573,24 Downtown
1053,0.000252653,10577,24 Downtown
1054,0.000252653,10577,24 Downtown
1055,0.000252653,10579,24 Downtown
1056,0.000252653,20124,24 Unicity
1057,0.000252653,10562,21 Downtown
1058,0.000252653,10552,21 St. Charles
1059,0.000252653,30448,36 Maples
1060,0.000252653,10549,21 St. Charles
1061,0.000252653,10410,19 RRC Polytech via Notre Dame
1062,0.000252653,10411,19 RRC Polytech via Notre Dame
1063,0.000252653,10420,19 Windsor Park via Autumnwood
1064,0.000252653,10423,19 RRC Polytech via Notre Dame
1065,0.000252653,10489,19 Windsor Park via Autumnwood
1066,0.000252653,10490,19 Windsor Park via Autumnwood
1067,0.000252653,10624,19 RRC Polytech via Notre Dame
1068,0.000252653,10625,19 RRC Polytech via Notre Dame
1069,0.000252653,10638,19 Windsor Park via Drake
1070,0.000252653,10639,19 Windsor Park via Autumnwood
1071,0.000252653,10641,19 Windsor Park via Autumnwood
1072,0.000252653,10641,19 Windsor Park via Drake
1073,0.000252653,10641,19 Windsor Park via Autumnwood
1074,0.000252653,10707,19 RRC Polytech via Notre Dame
1075,0.000252653,10709,19 RRC Polytech via Notre Dame
1076,0.000252653,10769,19 RRC Polytech via Logan
1077,0.000252653,50252,19 RRC Polytech via Notre Dame
1078,0.000252653,50253,19 Windsor Park via Autumnwood
1079,0.000252653,50254,19 Windsor Park via Drake
1080,0.000252653,10201,20 Watt & Leighton
1081,0.000252653,40440,20 Watt & Leighton
1082,0.000252653,10546,21 Crestview
1083,0.000252653,10546,21 St. Charles
1084,0.000252653,10546,21 St. Charles
1085,0.000252653,10549,21 Crestview
1086,0.000252653,20130,24 Unicity
1087,0.000252653,20131,24 Unicity
1088,0.000252653,20136,24 Unicity
1089,0.000252653,20137,24 Unicity
1090,0.000252653,10110,29 Beaumont Station
1091,0.000252653,10406,31 Oak Point
1092,0.000252653,10428,31 Meadows West
1093,0.000252653,20479,31 Downtown
1094,0.000252653,10632,32 Downtown
1095,0.000252653,30034,32 Downtown
1096,0.000252653,10297,33 Downtown
1097,0.000252653,10790,33 Downtown
1098,0.000252653,30467,33 Downtown
1099,0.000252653,30476,33 Amber Trails via Mapleglen
1100,0.000252653,30487,33 Downtown
1101,0.000252653,30502,33 Downtown
1102,0.000252653,30838,33 Amber Trails via Mapleglen
1103,0.000252653,10303,35 Amber Trails
1104,0.000252653,10737,35 Downtown
1105,0.000252653,10093,36 Health Sciences Centre
1106,0.000252653,10094,36 University of Manitoba
1107,0.000252653,10101,36 Health Sciences Centre
1108,0.000252653,10105,36 Health Sciences Centre
1109,0.000252653,10110,36 University of Manitoba
1110,0.000252653,10302,36 University of Manitoba
1111,0.000252653,10303,36 Maples
1112,0.000252653,10431,36 University of Manitoba
1113,0.000252653,10789,36 University of Manitoba
1114,0.000252653,10109,29 Beaumont Station
1115,0.000252653,10108,29 Logan
1116,0.000252653,10106,29 Logan
1117,0.000252653,20182,24 Downtown
1118,0.000252653,20139,24 Unicity
1119,0.000252653,20139,24 Unicity
1120,0.000252653,20140,24 Unicity
1121,0.000252653,20141,24 Unicity
1122,0.000252653,20157,24 Unicity
1123,0.000252653,20162,24 Unicity
1124,0.000252653,20165,24 Unicity
1125,0.000252653,20174,24 Downtown
1126,0.000252653,20175,24 Downtown
1127,0.000252653,20176,24 Downtown
1128,0.000252653,20177,24 Downtown
1129,0.000252653,20184,24 Downtown
1130,0.000252653,10102,29 Beaumont Station
1131,0.000252653,20185,24 Downtown
1132,0.000252653,20185,24 Downtown
1133,0.000252653,20193,24 Downtown
1134,0.000252653,20197,24 Downtown
1135,0.000252653,10548,25 Unicity
1136,0.000252653,10561,25 Unicity
1137,0.000252653,20199,25 Downtown
1138,0.000252653,10413,28 Downtown
1139,0.000252653,10414,28 Inkster Park
1140,0.000252653,10790,28 Downtown
1141,0.000252653,20056,28 Downtown
1142,0.000252653,62042,BLUE St. Norbert